1008,105,"replied","I don’t understand the group task requirements","Please read the task description carefully."
1004,103,"replied","I’m stuck on the research part.","Use the library and suggested websites."
1007,100,"inquired","I cannot find relevant resources.",""
1005,100,"inquired","I’m not sure about the usage format.",""
1000,100,"replied","Need guidance on dividing team roles.sfg","Divide roles by task psrts."
1001,103,"replied","I don’t know how to start the project research","Start with the core papers listed in the project documentation"
1002,105,"inquired","The task deadline is unclear, can you confirm?",""
1003,101,"replied","I’m having trouble with the code debugging","Check the syntax errors first, then test each function step by step"
1006,102,"inquired","I missed the lecture, can you share the key points?",""
1009,104,"replied","I don’t understand the review criteria for this project","The review guide is available on the project documentation page"
